 (22 games),,,,,,,Week Conference Play Begins:,,5,,,,,,,,,,,,
Hockey East,,,,,,,,,,,,,,,,,,,,,
,Team Name,Team Code,,,,Team1,Team2,Team3,Team4,Team5,Team6,Team7,Team8,Team9,Team10,Team11,,,Week,Home,Away
1,Team1,Team1,,1,5B,Team10,@ Team5,Team6,@ Team7,Team2,@ Team3,Team4,@ Team11,OPEN,@ Team1,Team8,,1,5B,Team1,Team10
2,Team2,Team2,,2,6A,OPEN,@ Team8,@ Team10,Team5,@ Team4,Team11,Team9,Team2,@ Team7,Team3,@ Team6,,1,5B,Team5,Team2
3,Team3,Team3,,3,6B,@ Team5,Team3,@ Team2,OPEN,Team1,@ Team9,@ Team8,Team7,Team6,Team11,@ Team10,,1,5B,Team3,Team6
4,Team4,Team4,,4,7A,Team8,OPEN,@ Team5,@ Team11,Team3,Team7,@ Team6,@ Team1,Team10,@ Team9,Team4,,1,5B,Team7,Team4
5,Team5,Team5,,5,7B,@ Team3,Team9,Team1,Team8,@ Team7,Team10,Team5,@ Team4,@ Team2,@ Team6,OPEN,,1,5B,Team11,Team8
6,Team6,Team6,,6,8A,Team6,Team7,Team9,@ Team10,@ Team11,@ Team1,@ Team2,OPEN,@ Team3,Team4,Team5,,2,6A,Team8,Team2
7,Team7,Team7,,7,8B,@ Team9,@ Team4,OPEN,Team2,@ Team10,@ Team8,Team11,Team6,Team1,Team5,@ Team7,,2,6A,Team10,Team3
8,Team8,Team8,,8,9A,@ Team4,Team10,@ Team11,Team1,@ Team6,Team5,OPEN,Team9,@ Team8,@ Team2,Team3,,2,6A,Team4,Team5
9,Team9,Team9,,9,9B,Team11,@ Team6,Team7,@ Team9,OPEN,Team2,@ Team3,@ Team10,Team4,Team8,@ Team1,,2,6A,Team6,Team11
10,Team10,Team10,,10,10A,@ Team2,Team1,@ Team4,Team3,Team8,OPEN,Team10,@ Team5,Team11,@ Team7,@ Team9,,2,6A,Team7,Team9
11,Team11,Team11,,11,10B,Team7,@ Team3,Team2,@ Team8,@ Team9,@ Team11,@ Team1,Team4,Team5,OPEN,Team6,,3,6B,Team5,Team1
,,,,12,11A,Team4,@ Team10,Team8,@ Team1,Team7,Team9,@ Team5,@ Team3,@ Team6,Team2,OPEN,,3,6B,Team2,Team3
,,,,13,11B,@ Team8,OPEN,@ Team7,Team9,Team6,@ Team5,Team3,Team1,@ Team4,@ Team11,Team10,,3,6B,Team9,Team6
,,,,14,12A,Team9,Team4,Team10,@ Team2,OPEN,@ Team7,Team6,Team11,@ Team1,@ Team3,@ Team8,,3,6B,Team8,Team7
,,,,15,12B,OPEN,Team8,@ Team6,OPEN,Team11,Team3,@ Team10,@ Team2,OPEN,Team7,@ Team5,,3,6B,Team10,Team11
,,,,16,13A,@ Team6,@ Team11,@ Team9,Team7,@ Team8,Team1,@ Team4,Team5,Team3,OPEN,Team2,,4,7A,Team1,Team8
,,,,17,13B,Team2,@ Team1,Team5,Team10,@ Team3,OPEN,Team8,@ Team7,@ Team11,@ Team4,Team9,,4,7A,Team5,Team3
,,,,18,14A,@ Team10,Team6,Team11,@ Team5,Team4,@ Team2,OPEN,@ Team9,Team8,Team1,@ Team3,,4,7A,Team11,Team4
,,,,19,14B,@ Team11,Team5,OPEN,@ Team6,@ Team2,Team4,@ Team9,Team10,Team7,@ Team8,Team1,,4,7A,Team6,Team7
,,,,20,15A,Team3,@ Team7,@ Team1,Team11,Team9,@ Team10,Team2,OPEN,@ Team5,Team6,@ Team4,,4,7A,Team9,Team10
,,,,21,15B,Team10,@ Team5,Team6,@ Team7,Team2,@ Team3,Team4,@ Team11,OPEN,@ Team1,Team8,,5,7B,Team3,Team1
,,,,22,16A,OPEN,@ Team8,@ Team10,Team5,@ Team4,Team11,Team9,Team2,@ Team7,Team3,@ Team6,,5,7B,Team2,Team9
,,,,23,16B,@ Team5,Team3,@ Team2,OPEN,Team1,@ Team9,@ Team8,Team7,Team6,Team11,@ Team10,,5,7B,Team4,Team8
,,,,24,17A,Team8,OPEN,@ Team5,@ Team11,Team3,Team7,@ Team6,@ Team1,Team10,@ Team9,Team4,,5,7B,Team7,Team5
,,,,25,17B,@ Team2,Team1,OPEN,Team9,OPEN,OPEN,OPEN,OPEN,@ Team4,OPEN,OPEN,,5,7B,Team6,Team10
,,,,,,OPEN,OPEN,OPEN,OPEN,OPEN,OPEN,OPEN,OPEN,OPEN,OPEN,OPEN,,6,8A,Team1,Team6
,,,,,,OPEN,OPEN,OPEN,OPEN,OPEN,OPEN,OPEN,OPEN,OPEN,OPEN,OPEN,,6,8A,Team2,Team7
,,,,,,OPEN,OPEN,OPEN,OPEN,OPEN,OPEN,OPEN,OPEN,OPEN,OPEN,OPEN,,6,8A,Team3,Team9
,,,,,Total,22,22,22,22,22,22,22,22,22,22,22,,6,8A,Team10,Team4
,,,,,,,,,,,,,,,,,,6,8A,Team11,Team5
,,,,,,,,,,,,,,,,,,7,8B,Team9,Team1
,,,,,,,,,,,,,,,,,,7,8B,Team4,Team2
,,,,,,,,,,,,,,,,,,7,8B,Team10,Team5
,,,,,,,,,,,,,,,,,,7,8B,Team8,Team6
,,,,,,,,,,,,,,,,,,7,8B,Team7,Team11
,,,,,,,,,,,,,,,,,,8,9A,Team4,Team1
,,,,,,,,,,,,,,,,,,8,9A,Team2,Team10
,,,,,,,,,,,,,,,,,,8,9A,Team11,Team3
,,,,,,,,,,,,,,,,,,8,9A,Team6,Team5
,,,,,,,,,,,,,,,,,,8,9A,Team8,Team9
,,,,,,,,,,,,,,,,,,9,9B,Team1,Team11
,,,,,,,,,,,,,,,,,,9,9B,Team6,Team2
,,,,,,,,,,,,,,,,,,9,9B,Team3,Team7
,,,,,,,,,,,,,,,,,,9,9B,Team9,Team4
,,,,,,,,,,,,,,,,,,9,9B,Team10,Team8
,,,,,,,,,,,,,,,,,,10,10A,Team2,Team1
,,,,,,,,,,,,,,,,,,10,10A,Team4,Team3
,,,,,,,,,,,,,,,,,,10,10A,Team5,Team8
,,,,,,,,,,,,,,,,,,10,10A,Team7,Team10
,,,,,,,,,,,,,,,,,,10,10A,Team9,Team11
,,,,,,,,,,,,,,,,,,11,10B,Team1,Team7
,,,,,,,,,,,,,,,,,,11,10B,Team3,Team2
,,,,,,,,,,,,,,,,,,11,10B,Team8,Team4
,,,,,,,,,,,,,,,,,,11,10B,Team9,Team5
,,,,,,,,,,,,,,,,,,11,10B,Team11,Team6
,,,,,,,,,,,,,,,,,,12,11A,Team1,Team4
,,,,,,,,,,,,,,,,,,12,11A,Team10,Team2
,,,,,,,,,,,,,,,,,,12,11A,Team3,Team8
,,,,,,,,,,,,,,,,,,12,11A,Team5,Team7
,,,,,,,,,,,,,,,,,,12,11A,Team6,Team9
,,,,,,,,,,,,,,,,,,13,11B,Team8,Team1
,,,,,,,,,,,,,,,,,,13,11B,Team7,Team3
,,,,,,,,,,,,,,,,,,13,11B,Team4,Team9
,,,,,,,,,,,,,,,,,,13,11B,Team5,Team6
,,,,,,,,,,,,,,,,,,13,11B,Team11,Team10
,,,,,,,,,,,,,,,,,,14,12A,Team1,Team9
,,,,,,,,,,,,,,,,,,14,12A,Team2,Team4
,,,,,,,,,,,,,,,,,,14,12A,Team3,Team10
,,,,,,,,,,,,,,,,,,14,12A,Team7,Team6
,,,,,,,,,,,,,,,,,,14,12B,Team8,Team11
,,,,,,,,,,,,,,,,,,15,12B,Team2,Team8
,,,,,,,,,,,,,,,,,,15,12B,Team6,Team3
,,,,,,,,,,,,,,,,,,15,12B,Team5,Team11
,,,,,,,,,,,,,,,,,,15,12B,Team10,Team7
,,,,,,,,,,,,,,,,,,16,13A,Team6,Team1
,,,,,,,,,,,,,,,,,,16,13A,Team11,Team2
,,,,,,,,,,,,,,,,,,16,13A,Team9,Team3
,,,,,,,,,,,,,,,,,,16,13A,Team4,Team7
,,,,,,,,,,,,,,,,,,16,13A,Team8,Team5
,,,,,,,,,,,,,,,,,,17,13B,Team1,Team2
,,,,,,,,,,,,,,,,,,17,13B,Team3,Team5
,,,,,,,,,,,,,,,,,,17,13B,Team4,Team10
,,,,,,,,,,,,,,,,,,17,13B,Team7,Team8
,,,,,,,,,,,,,,,,,,17,13B,Team11,Team9
,,,,,,,,,,,,,,,,,,18,14A,Team10,Team1
,,,,,,,,,,,,,,,,,,18,14A,Team2,Team6
,,,,,,,,,,,,,,,,,,18,14A,Team3,Team11
,,,,,,,,,,,,,,,,,,18,14A,Team5,Team4
,,,,,,,,,,,,,,,,,,18,14A,Team9,Team8
,,,,,,,,,,,,,,,,,,19,14B,Team11,Team1
,,,,,,,,,,,,,,,,,,19,14B,Team2,Team5
,,,,,,,,,,,,,,,,,,19,14B,Team6,Team4
,,,,,,,,,,,,,,,,,,19,14B,Team9,Team7
,,,,,,,,,,,,,,,,,,19,14B,Team8,Team10
,,,,,,,,,,,,,,,,,,20,15A,Team1,Team3
,,,,,,,,,,,,,,,,,,20,15A,Team7,Team2
,,,,,,,,,,,,,,,,,,20,15A,Team4,Team11
,,,,,,,,,,,,,,,,,,20,15A,Team5,Team9
,,,,,,,,,,,,,,,,,,20,15A,Team10,Team6
,,,,,,,,,,,,,,,,,,21,15B,Team1,Team10
,,,,,,,,,,,,,,,,,,21,15B,Team5,Team2
,,,,,,,,,,,,,,,,,,21,15B,Team3,Team6
,,,,,,,,,,,,,,,,,,21,15B,Team7,Team4
,,,,,,,,,,,,,,,,,,21,15B,Team11,Team8
,,,,,,,,,,,,,,,,,,22,16A,Team8,Team2
,,,,,,,,,,,,,,,,,,22,16A,Team10,Team3
,,,,,,,,,,,,,,,,,,22,16A,Team4,Team5
,,,,,,,,,,,,,,,,,,22,16A,Team6,Team11
,,,,,,,,,,,,,,,,,,22,16A,Team7,Team9
,,,,,,,,,,,,,,,,,,23,16B,Team5,Team1
,,,,,,,,,,,,,,,,,,23,16B,Team2,Team3
,,,,,,,,,,,,,,,,,,23,16B,Team9,Team6
,,,,,,,,,,,,,,,,,,23,16B,Team8,Team7
,,,,,,,,,,,,,,,,,,23,16B,Team10,Team11
,,,,,,,,,,,,,,,,,,24,17A,Team1,Team8
,,,,,,,,,,,,,,,,,,24,17A,Team5,Team3
,,,,,,,,,,,,,,,,,,24,17A,Team11,Team4
,,,,,,,,,,,,,,,,,,24,17A,Team6,Team7
,,,,,,,,,,,,,,,,,,24,17A,Team9,Team10
,,,,,,,,,,,,,,,,,,25,17B,Team2,Team1
,,,,,,,,,,,,,,,,,,25,17B,Team4,Team9
,,,,,,,,,,,,,,,,,,,17B,,
,,,,,,,,,,,,,,,,,,,17B,,
,,,,,,,,,,,,,,,,,,,17B,,
,,,,,,,,,,,,,,,,,,,17B,,